,dim1,dim2,city,country,region,"GHGe intensity 2004","GHGe intensity 2009","CDD 23C","HDD 15.5C","commerce index","diesel price","gas price","GDP/capita","household size",population,"population density","urban ratio",water_bounded
0,1.3946953791,-7.978995571,Ahmadabad,India,ASIA,928,836,2120,26,46.1127777778,0.7,1.09,6247.85,4.8,4900,10560.34,29.2,0
1,-15.3820754182,5.9999835869,Amsterdam,Netherlands,OECD90,585,476,15,2060,60.06,1.45,1.68,41069.37,1.82,743,3392.69,80.2,1
2,-2.5615891673,-1.318550761,Athens,Greece,OECD90,884,817,460,794,43.25,1.41,1.23,22603.51,2.35,3400,8252.43,60.3,1
3,7.5759863048,4.9617274869,Austin,USA,OECD90,643,596,954,670,55.3111428571,0.78,0.56,49789.03,2.43,337,1092.07,80.7,0
4,0.6912867415,-11.0386553758,Bangalore,India,ASIA,928,836,705,2,35.78,0.7,1.09,1993,4.03,4130,7600,29.2,0
5,-3.0433116355,-0.093559291,Barcelona,Spain,OECD90,429,336,142,825,50.9,1.28,1.23,29076.72,2.5,1606,15756.64,76.7,1
6,-2.2889708611,10.4161191932,"Barnsley, Doncaster and Rotherham",England,OECD90,522,490,2,2550,55.3111428571,1.65,1.44,23817.54,2.3,767,559,79,0
7,-9.1112636523,6.6290100423,"Bath and North East Somerset, North Somerset and South Gloucestershire",England,OECD90,522,490,1,2229,55.3111428571,1.65,1.44,37014.79,2.43,632,255.6,79,0
8,-6.6438646989,14.8667709698,Bedfordshire CC,England,OECD90,522,490,7,2240,55.3111428571,1.65,1.44,29148.52,3.98,404,499,79,0
9,-4.8330879734,-7.6461270296,Beijing,China,ASIA,899,812,381,2450,42.52,1.01,0.99,9237.63,2.87,10717,8502.79,42.5,0
10,-13.2519535279,4.9384291698,Belfast,Ireland,OECD90,522,490,0,2355,55.3111428571,1.65,1.44,52835.84,2.36,268,2326.96,79,1
11,-4.8413590199,-5.7337670866,Belgrade,Serbia,REF,904,801,251,1969,42.7875,1.14,1.29,11352.88,2.8,1700,4722.22,54.4,0
12,-12.5641123877,4.4269186211,Berkshire,England,OECD90,522,490,8,2169,55.3111428571,1.65,1.44,53628.22,2.47,816,646.91,79,0
13,-2.9641273928,6.7880542715,Berlin,Germany,OECD90,596,570,88,2213,53.22,1.56,1.56,22114.13,1.8,3416,3829.95,73.4,0
14,-8.7931950164,10.5664698715,Birmingham,England,OECD90,522,490,5,2214,55.3111428571,1.65,1.44,31543.13,2.52,2600,1626.72,79,0
15,-6.0873099261,12.4208100546,Blackburn with Darwen,England,OECD90,522,490,2,2227,55.3111428571,1.65,1.44,25422.22,2.43,141,464.37,79,0
16,10.9632435803,3.3183654091,Boulder,USA,OECD90,643,596,247,2446,55.3111428571,0.78,0.56,63989.27,2.39,470,151,80.7,0
17,-12.6881182232,8.8557646414,Bournemouth,England,OECD90,522,490,2,1981,55.3111428571,1.65,1.44,34832.87,2.3187931035,299,2689.54,79,1
18,-3.3019153024,11.1672605503,Bradford,England,OECD90,522,490,0,2550,55.3111428571,1.65,1.44,26760.4,2.54,493,1290,79,0
19,-5.4005855944,-2.0958155775,Bratislava,Slovakia,REF,193,300,131,2285,42.7875,1.68,1.57,22059.21,2.4481818182,427,1161.64,55.6,0
20,-9.6468383994,3.9518558321,Bremen,Germany,OECD90,596,570,36,2390,55.3111428571,1.56,1.56,41827.31,1.86,548,1678.69,73.4,0
21,-7.7702452822,12.905011397,Bridgend and Neath Port Talbot,England,OECD90,522,490,0,1948,55.3111428571,1.65,1.44,23752.04,2.28,270,255.6,79,1
22,0.0796920016,3.4827942012,Brighton and Hove,England,OECD90,522,490,2833,1891,55.3111428571,1.65,1.44,33782.11,2.13,252,2872.97,79,1
23,-13.4634884078,6.6954044983,"Bristol, City of",England,OECD90,522,490,1,2229,55.3111428571,1.65,1.44,45714.4,2.41,411,3733.64,79,1
24,-14.644968918,6.8411515316,Brussels,Belgium,OECD90,275,241,31,2024,52.16,1.34,1.5,49144.55,2.22,1050,6506.38,97.3,0
25,-11.308141426,6.9315211456,Buckinghamshire CC,England,OECD90,522,490,17,1810,55.3111428571,1.65,1.44,39984.75,2.52,488,311.57,79,0
26,-5.1148198632,-5.4432350161,Bucharest,Romania,REF,664,618,291,2168,42.7875,1.22,1.11,19636.4,2.48,1900,6666.67,52.8,0
27,-6.609365891,-0.3874452744,Budapest,Hungary,REF,583,471,173,2219,44.52,1.38,1.27,25392.6,1.93,1700,3237.11,66.4,0
28,-3.3832735645,-13.0468988696,Buffalo City,USA,MAF,899,955,117,219,35.29,0.95,0.87,5490.44,2.33,703,304,59.3,1
29,-3.2469319055,9.7167428256,"Calderdale, Kirklees and Wakefield",England,OECD90,522,490,0,2550,55.3111428571,1.65,1.44,27871.57,2.3187931035,918,550,79,0
30,-8.5514306321,6.3403990671,Cambridgeshire CC,England,OECD90,522,490,9,2214,55.3111428571,1.65,1.44,35290.54,2.27,590,193.66,79,0
31,-2.5074350965,-13.5652595867,Cape Town,South Africa,MAF,899,955,131,461,35.29,0.95,0.87,12320.46,3.4,3069,1250.41,59.3,1
32,-10.7724163631,7.4704254085,Cardiff,England,OECD90,522,490,0,1948,55.3111428571,1.65,1.44,35777.18,2.3187931035,441,927.2,79,1
33,-5.6756745956,13.3730108349,Central Valleys (Wales),England,OECD90,522,490,4,2114,55.3111428571,1.65,1.44,20732.74,2.3187931035,289,255.6,79,0
34,-8.0640949094,-8.5000445238,Changchun,China,ASIA,899,812,158,4305,46.1127777778,1.01,0.99,6827.1,3.29,7393,360.05,42.5,0
35,-2.736768508,-10.4928117777,"Changsha, Hunan",China,ASIA,899,812,698,1100,46.1127777778,1.01,0.99,8263.77,3.44,6310,533.89,42.5,0
36,-1.6307469519,-12.4623216434,Chengdu,China,ASIA,899,812,406,893,33.84,1.01,0.99,5166.58,3.26,11034,909.5,42.5,0
37,-10.6547891663,6.6090500578,Cheshire CC,England,OECD90,522,490,2,1916,55.3111428571,1.65,1.44,37761.26,2.3187931035,687,255.6,79,0
38,-1.2181444473,-11.094112452,Chongqing,China,ASIA,899,812,543,885,33.13,1.01,0.99,5500.98,3.35,6363,3145,42.5,0
39,-13.707916993,4.1084634774,city of leeds,England,OECD90,522,490,0,2550,55.3111428571,1.65,1.44,63066.61,2.31,751,1360.47,79,0
40,-3.3103545706,10.3676429752,Clackmannanshire and Fife,England,OECD90,522,490,0,2476,55.3111428571,1.65,1.44,25208.89,2.3187931035,408,274.87,79,1
41,-15.9665152393,6.6576924666,Copenhagen,Denmark,OECD90,676,581,7,2483,57.99,1.54,1.54,37793.45,1.95,504,5711.05,85.9,1
42,-5.96645504,-8.2325633192,Dalian,China,ASIA,899,812,175,2524,46.1127777778,1.01,0.99,13019.89,3.14,5721,432.18,42.5,1
43,0.430242611,-10.5717899851,Dar es Salaam,Tanzania,MAF,88.8,268,1354,0,35.29,1.3,1.11,1081,4.5,1330,836.41,24.2,1
44,-7.3468579736,8.1913089268,Darlington,England,OECD90,522,490,2,2263,55.3111428571,1.65,1.44,32144.27,2.3187931035,99,255.6,79,0
45,10.6145937883,3.219045637,Denver,USA,OECD90,643,596,247,2446,55.3111428571,0.78,0.56,58011.47,2.5,580,1444.66,80.7,0
46,-13.1287356533,7.3849922504,Derby,England,OECD90,522,490,6,2135,55.3111428571,1.65,1.44,40712.64,2.3187931035,236,3029.6,79,0
47,-3.1840816268,7.1495681821,Dublin,Ireland,OECD90,582,446,0,2238,51.77,1.64,1.56,47239.75,2.3187931035,1200,4588,60.5,1
48,-2.4865926277,11.9262653111,Durham CC,England,OECD90,522,490,0,2443,55.3111428571,1.65,1.44,21082.34,2.3187931035,501,230,79,0
49,-4.337823322,12.8068662895,East Ayrshire and North Ayrshire mainland,England,OECD90,522,490,0,2241,55.3111428571,1.65,1.44,21892.97,2.3187931035,248,95,79,1
50,1.5251226567,5.9058784202,East Cumbria,England,OECD90,522,490,3454,2443,55.3111428571,1.65,1.44,28644.75,2.3187931035,260,74,79,1
51,-6.1946683542,11.9850524804,East Derbyshire,England,OECD90,522,490,6,2135,55.3111428571,1.65,1.44,24781.5,2.3187931035,272,360,79,0
52,-2.8649762302,12.2887377351,"East Dunbartonshire, West Dunbartonshire and Helensburgh & Lomond",England,OECD90,522,490,0,2418,55.3111428571,1.65,1.44,20348.97,2.3187931035,224,599,79,1
53,-3.1181953154,10.8421067629,East Lothian and Midlothian,England,OECD90,522,490,0,2483,55.3111428571,1.65,1.44,24590.51,2.3187931035,172,166.8,79,1
54,-8.6682557307,14.3116021098,East Merseyside,England,OECD90,522,490,2,1916,55.3111428571,1.65,1.44,21984.84,2.3187931035,329,2145,79,1
55,-3.3705742797,11.0796611214,East of Northern Ireland,Ireland,OECD90,522,490,0,2355,55.3111428571,1.65,1.44,25837.34,2.3187931035,421,131,79,1
56,-2.0796883303,11.1685980994,East Riding of Yorkshire,England,OECD90,522,490,4,2550,55.3111428571,1.65,1.44,23669.39,2.37,331,137.4,79,1
57,-8.5042263621,12.2355790461,East Sussex CC,England,OECD90,522,490,11,2009,55.3111428571,1.65,1.44,25736.12,2.3187931035,507,447,79,1
58,-11.6842109326,4.4549700068,"Edinburgh, City of",England,OECD90,522,490,0,2483,47.79,1.65,1.44,56396.18,2.1,463,1788.42,79,1
59,-3.1090909188,-12.3439541264,Ekurhuleni,South Africa,MAF,899,955,114,668,35.29,0.95,0.87,8737.35,3.2,2761,1398.1,59.3,0
60,-7.2828009377,9.2549371921,Essex CC,England,OECD90,522,490,9,2214,55.3111428571,1.65,1.44,29587.65,2.3187931035,1362,393.19,79,1
61,-4.0001289462,-12.2485880686,eThekwini,South Africa,MAF,899,955,2,1916,35.29,0.95,0.87,9498.93,4.15,3270,1427.17,59.3,1
62,-6.7276635058,6.6454360088,Falkirk,England,OECD90,522,490,0,2483,55.3111428571,1.65,1.44,35209.5,2.3187931035,150,1427.17,79,1
63,-7.986936052,10.0587837234,Flintshire and Wrexham,England,OECD90,522,490,2,2115,55.3111428571,1.65,1.44,29905.75,2.3187931035,281,516,79,0
64,10.466543704,2.2824235406,Fort Collins,USA,OECD90,643,596,209,3000,55.3111428571,0.78,0.56,37967.52,2.3187931035,305,342,80.7,0
65,-1.5381651065,-8.6079819488,Fuzhou,China,ASIA,899,812,665,486,46.1127777778,1.01,0.99,7745.58,3.22,6227,511.4,42.5,1
66,-0.4831224163,9.4602982241,Gävle,Sweden,OECD90,32.3,32.7,22,3364,55.3111428571,1.52,1.38,27784.48,3.2,92,1471,84.3,1
67,-9.9851558244,10.212372633,Geneva,Switzerland,OECD90,7.05,6.56,84,2197,50.13,1.52,1.3,42588.37,2.27,432,1529.52,73.5,1
68,-14.0701403767,5.659238859,Glasgow,England,OECD90,522,490,0,2418,55.3111428571,1.65,1.44,45900.31,2.04,581,3307.69,79,0
69,-7.9088306236,7.6593200558,Gloucestershire,England,OECD90,522,490,2,2217,55.3111428571,1.65,1.44,33271,2.3187931035,579,183.78,79,1
70,-0.9075442758,-8.8406683752,"Guangzhou, Guangdong",China,ASIA,899,812,1071,259,46.1127777778,1.01,0.99,23143.26,3.65,7607,1708,42.5,1
71,-3.8346298164,-11.4963064098,Guiyang,China,ASIA,899,812,151,1404,46.1127777778,1.01,0.99,4929.24,3.66,3545,441.27,42.5,1
72,-6.9613741217,13.7578153185,Gwent Valleys,England,OECD90,522,490,0,1948,55.3111428571,1.65,1.44,20280.39,2.3187931035,332,255.6,79,0
73,-8.3358387083,-7.9092104041,Haerbin,China,ASIA,899,812,158,4815,46.1127777778,1.01,0.99,6191.21,3.22,9804,184.98,42.5,0
74,-0.4843237571,-9.7931946202,Haikou,China,ASIA,899,812,998,51,46.1127777778,1.01,0.99,5744.1,4.23,1767,789.81,42.5,1
75,-0.5584578605,8.2418966937,Halmstad,Sweden,OECD90,32.3,32.7,17,2706,55.3111428571,1.52,1.38,27059.67,2.05,88,86.58,84.3,1
76,-10.9353306106,6.1898904729,Halton and Warrington,England,OECD90,522,490,2,1916,55.3111428571,1.65,1.44,39238.12,2.3187931035,314,255.6,79,1
77,-3.0686144872,8.0237564987,Hamburg,Germany,OECD90,596,570,32,2416,51.53,1.56,1.56,33348.46,1.86,1769,2343.2,73.4,0
78,-8.0974662887,7.1029786718,Hampshire CC,England,OECD90,522,490,2,2217,55.3111428571,1.65,1.44,34301.85,2.3187931035,1267,344.41,79,1
79,-4.4102971145,-9.0937006509,Hangzhou,China,ASIA,899,812,651,1146,46.1127777778,1.01,0.99,14971.29,2.93,6663,1214,42.5,0
80,-7.0807413083,11.255506248,Hartlepool and Stockton-on-Tees,England,OECD90,522,490,2,2263,55.3111428571,1.65,1.44,26211.31,2.3187931035,280,255.6,79,1
81,-3.5756713292,-10.2903939028,Hefei,China,ASIA,899,812,553,1442,46.1127777778,1.01,0.99,6624.22,3.49,4699,668.4,42.5,0
82,12.639743726,-5.1872042013,Helsinki,Finland,OECD90,379,325,17,3675,55.3111428571,1.39,1.57,39307.92,1.88,565,789.22,82.9,1
83,-6.3335180106,10.852375147,"Herefordshire, County of",England,OECD90,522,490,1,2229,55.3111428571,1.65,1.44,26616.69,2.3187931035,178,81.61,79,0
84,-10.0689462341,5.4592922462,Hertfordshire,England,OECD90,522,490,7,2240,55.3111428571,1.65,1.44,40483.24,2.3187931035,1059,644.37,79,0
85,-7.6552207691,-7.6165149365,Hohhot,China,ASIA,899,812,176,3989,46.1127777778,1.01,0.99,12089.23,3.15,2158,125.3,42.5,0
86,6.7374207646,5.470899728,Hong Kong,China,ASIA,899,812,1117,97,63.94,1.01,0.99,34573.55,2.99,7057,6392.59,100,1
87,-4.0327345655,10.5808843855,"Inverclyde, East Renfrewshire and Renfrewshire",England,OECD90,522,490,0,2418,55.3111428571,1.65,1.44,25755.15,2.3187931035,341,572.44,79,1
88,3.2508688044,-8.5632952158,Iskandar,Uzbekistan,ASIA,579,677,1280,0,46.1127777778,0.53,0.53,16042.11,4.17,1353,7314.61,67.6,0
89,-0.7867978251,-0.2118332473,Istanbul,Turkey,REF,448,529,278,1158,36.14,1.63,1.87,13698.17,3.85,12600,2725,66.8,1
90,-8.0009603913,-8.1458390746,Jilin,China,ASIA,899,812,158,4305,46.1127777778,1.01,0.99,8703.8,3.29,4330,160,42.5,0
91,-4.8739682318,-8.208460057,"Jinan, Shandong",China,ASIA,899,812,434,1843,46.1127777778,1.01,0.99,10497.5,3.12,6034,737.86,42.5,0
92,-3.0566971402,-13.424090461,Johannesburg,South Africa,MAF,899,955,114,668,35.29,0.95,0.87,15170.41,3.37,3586,2179.72,59.3,0
93,11.8236917818,-5.0965419559,Jönköping,Sweden,OECD90,32.3,32.7,11,3512,55.3111428571,1.52,1.38,28388.49,2.14,121,1815,84.3,1
94,11.9444415197,-5.5833093432,Karlstad,Sweden,OECD90,32.3,32.7,13,3554,55.3111428571,1.52,1.38,27059.67,1.95,82,1785,84.3,1
95,-9.2161717899,12.1156166438,Kent CC,England,OECD90,522,490,11,1855,55.3111428571,1.65,1.44,28136.66,2.3187931035,1383,390.35,79,1
96,-0.9331520438,-13.0729412085,King Sabata,South Africa,MAF,899,955,261,599,35.29,0.95,0.87,2895.77,4.76,421,139.16,59.3,1
97,-12.3124871679,9.8467018317,"Kingston upon Hull, City of",England,OECD90,522,490,0,2161,55.3111428571,1.65,1.44,29422.86,2.25,256,3582.93,79,1
98,1.0674888999,-8.1147718887,Krung Thep (Bangkok),Thailand,ASIA,605,561,2064,0,46.1127777778,0.64,0.87,13520.87,3.64,5659,3607.33,32.2,1
99,-2.2723672995,-12.3829395057,Kunming,China,ASIA,899,812,104,718,46.1127777778,1.01,0.99,6804.25,3.79,5143,300,42.5,1
100,-6.2881920421,-6.9157484158,Kiev,Ukraine,REF,423,465,136,2918,42.7875,0.96,0.88,4902,2.65,2700,3218.12,67.8,0
101,-16.0102950127,2.3390313492,Kyoto,Japan,OECD90,421,413,503,1214,55.3111428571,1.3,1.42,31097.55,2.3187931035,1470,1775.58,86,0
102,-8.2969914221,11.3211713816,Lancashire CC,England,OECD90,522,490,2,2015,55.3111428571,1.65,1.44,28180.35,2.3187931035,1165,401.45,79,1
103,-7.0915266038,-8.8253713813,Lanzhou,China,ASIA,899,812,75,3605,46.1127777778,1.01,0.99,5900.6,3.97,3136,235.82,42.5,0
104,-13.032493287,9.4588395306,Leicester,England,OECD90,522,490,6,2135,55.3111428571,1.65,1.44,37754.79,2.68,290,3949.81,79,0
105,-8.4378450685,8.7807241602,Leicestershire CC and Rutland,England,OECD90,522,490,6,2135,55.3111428571,1.65,1.44,31576.95,2.3187931035,673,273.1,79,0
106,-5.6156660031,12.431355754,Lincolnshire,England,OECD90,522,490,5,2201,55.3111428571,1.65,1.44,23698.46,2.32,686,115.93,79,1
107,11.1659814344,-5.2839171984,Linköping,Sweden,OECD90,32.3,32.7,33,3295,55.3111428571,1.52,1.38,27663.68,2.02,138,2391,84.3,0
108,-11.1754244957,14.8638280703,Lisbon,Portugal,OECD90,510,420,180,511,46.46,1.47,1.61,28602.74,1.69,2000,2087.68,57.6,1
109,-13.5419752779,9.6487459203,Liverpool,England,OECD90,522,490,2,1916,55.3111428571,1.65,1.44,32667.28,2.23,436,3900.21,79,1
110,-5.6455729092,-5.0200345446,Ljubljana,Slovenia,REF,418,389,134,2223,42.7875,1.26,1.18,25616.57,2.5,271,1654.46,50.5,0
111,-15.7824621904,4.4902189488,London,England,OECD90,522,490,17,1810,79.17,1.65,1.44,53144.88,2.47,7557,4813.31,79,0
112,8.3149953572,4.5757643777,Los Angeles,USA,OECD90,643,596,202,371,55.73,0.78,0.56,51923.01,2.98,9519,8225,80.7,1
113,-13.6741809734,8.7079715624,Luton,England,OECD90,522,490,7,2240,55.3111428571,1.65,1.44,35528.22,2.3187931035,187,4318.34,79,0
114,-12.7540831736,6.1824705534,Lyon,France,OECD90,79.9,87,136,1760,55.3111428571,1.45,1.52,39792.82,1.99,1267,1327.92,81.6,0
115,-14.8434254566,2.1678404096,Madrid,Spain,OECD90,429,336,381,1495,58.34,1.28,1.23,34725.04,2.7,5720,5390,76.7,0
116,-9.6768664123,9.2549960212,Manchester,England,OECD90,522,490,2,2227,55.3111428571,1.65,1.44,30938.22,2.24,2553,2001.02,79,0
117,-3.6856431205,-14.1500479735,Mangaung,South Africa,MAF,899,955,283,1260,35.29,0.95,0.87,7122.3,3.71,662,120,59.3,0
118,0.2718881234,-12.6752415877,Mbeya,Tanzania,MAF,88.8,268,36,13,35.29,1.3,1.11,368,4.1,147,47.5,24.2,0
119,-8.5888931394,13.6477014142,Medway,England,OECD90,522,490,13,1855,55.3111428571,1.65,1.44,23200.6,2.3187931035,252,1311.25,79,1
120,9.265385423,5.0915861801,Melbourne,Australia,OECD90,957,914,177,685,49.93,0.94,0.74,37077.8,2.7,3892,1474.21,88.2,1
121,-2.3252963818,-14.6589003696,Mexico City,Mexico,LAC,545,503,113,487,43.33,0.54,0.74,16813.6,3.9,8670,5838.11,76.3,0
122,-12.1794817223,12.1141665393,Milano,Italy,OECD90,575,500,263,1649,54.73,1.63,1.57,38940.6,1.95,3721,2000,67.6,0
123,-12.7657705161,5.4598104633,Milton Keynes,England,OECD90,522,490,7,2240,55.3111428571,1.65,1.44,50372.7,2.52,225,2525.84,79,0
124,11.0006623189,2.5877777553,Minneapolis,USA,OECD90,643,596,193,3512,55.3111428571,0.78,0.56,59580.91,2.53,379,2502.46,80.7,0
125,-10.1988962653,7.5798240645,Monmouthshire and Newport,USA,OECD90,522,490,0,1948,55.3111428571,1.65,1.44,34206.84,2.3187931035,228,219.23,79,1
126,8.7118273629,0.1661665154,Moscow,Russia,REF,614,587,94,3665,44.99,0.86,0.89,17377.54,2.5,8677,4581.24,72.9,0
127,-0.8518967254,-13.4540900623,Msunduzi,South Africa,MAF,899,955,292,93,35.29,0.95,0.87,5472.65,4.58,562,887.02,59.3,0
128,0.2321738863,-12.3293291685,Nakuru,Kenya,MAF,220,384,177,71,35.29,1.14,1.2,804,3.9,95,1413.69,21.7,0
129,-2.831850004,-9.1269541076,Nanchang,China,ASIA,899,812,756,974,46.1127777778,1.01,0.99,7090.74,3.61,4840,656.48,42.5,0
130,-3.667377245,-8.6335133649,"Nanjing, Jiangsu",China,ASIA,899,812,514,1466,46.1127777778,1.01,0.99,13240.54,3.61,6072,920.32,42.5,0
131,-1.2255358013,-9.7620871018,Nanning,China,ASIA,899,812,808,350,46.1127777778,1.01,0.99,3753.89,3.67,6719,300,42.5,0
132,-1.7044654411,-12.3896403946,Nelson Mandela,South Africa,MAF,899,955,114,668,35.29,0.95,0.87,8942.07,3.79,1014,517.55,59.3,1
133,11.2335059188,4.0318813873,New York City,USA,OECD90,643,596,286,1930,72.77,0.78,0.56,60483.93,2.67,8170,6733.15,80.7,1
134,-3.3905945216,-9.7438634977,Ningbo,China,ASIA,899,812,651,1146,46.1127777778,1.01,0.99,14866.33,2.93,5605,570.96,42.5,1
135,-8.352491276,12.1218809774,Norfolk,England,OECD90,522,490,12,1997,55.3111428571,1.65,1.44,28403.01,2.45,833,155.07,79,1
136,11.1355470156,-4.9130726026,Norrköping,Sweden,OECD90,32.3,32.7,15,3254,55.3111428571,1.52,1.38,27663.68,2.05,125,2252,84.3,1
137,-6.8418584113,9.626643384,North and North East Lincolnshire,England,OECD90,522,490,5,2201,55.3111428571,1.65,1.44,29669.36,2.33,318,306.04,79,1
138,-3.4551691705,10.0564432448,North Lanarkshire,England,OECD90,522,490,0,2418,55.3111428571,1.65,1.44,26862.55,2.3187931035,324,689.15,79,0
139,-5.6456636509,10.7575667845,North Nottinghamshire,England,OECD90,522,490,5,2234,55.3111428571,1.65,1.44,26315.41,2.3187931035,439,255.6,79,0
140,-6.9122060392,10.0791811027,North Yorkshire CC,England,OECD90,522,490,2,2263,55.3111428571,1.65,1.44,27979.54,2.33,592,125,79,1
141,-8.6580685857,7.8046652991,Northamptonshire,England,OECD90,522,490,7,2240,55.3111428571,1.65,1.44,34833.15,2.4,669,282.99,79,0
142,-13.8264105394,6.2611417771,Nottingham,England,OECD90,522,490,5,2234,55.3111428571,1.65,1.44,45590.34,2.21,286,3835.95,79,0
143,11.9036625659,-5.4799294038,Örebro,Sweden,OECD90,32.3,32.7,13,3554,55.3111428571,1.52,1.38,28630.09,2.01,128,2111,84.3,0
144,11.6326986407,-6.5812625772,Oslo,Norway,OECD90,,15.4,16,3401,55.3111428571,1.63,1.63,37972.19,1.87,549,1209.17,77.5,1
145,-3.6477961391,12.0221200716,Outer Belfast,Ireland,OECD90,522,490,0,2355,55.3111428571,1.65,1.44,22444.65,2.3187931035,378,255.6,79,1
146,-11.1169229408,5.3680402552,Oxfordshire,England,OECD90,522,490,6,2081,55.3111428571,1.65,1.44,42645.4,2.3187931035,632,242.69,79,0
147,-14.8865262598,4.3245669804,Paris,France,OECD90,79.9,87,71,1481,63.87,1.45,1.52,46691.74,1.75,11491,669.05,81.6,0
148,-11.4244610189,5.1871675892,"Peterborough, UK",England,OECD90,522,490,6,2187,55.3111428571,1.65,1.44,45831.01,2.48,163,475.28,79,0
149,-13.1857735871,10.1800447937,Plymouth,England,OECD90,522,490,0,1791,55.3111428571,1.65,1.44,28545.11,2.14,248,3130.28,79,1
150,10.0789502752,3.552477287,"Portland, OR",USA,OECD90,643,596,102,1874,55.3111428571,0.78,0.56,50768.92,2.52,444,1689,80.7,0
151,-14.1367056752,9.0253528319,Portsmouth,USA,OECD90,522,490,2,2075,55.3111428571,1.65,1.44,36288.07,2.29,196,4879.5,79,1
152,-2.2169034608,-12.932975066,Potchefstroom,South Africa,MAF,899,955,114,668,35.29,0.95,0.87,7779.06,3.5,129,800,59.3,0
153,-6.6706702572,-1.0460079115,Prague,Czech Republic,REF,737,719,49,2751,45.5,1.45,1.37,24816.24,2.34,1200,2419.35,73.7,0
154,-4.7278093466,-8.9402604195,Qingdao,China,ASIA,899,812,286,2040,46.1127777778,1.01,0.99,12403,3.12,7494,679.65,42.5,1
155,-7.002816586,-3.9320351447,Riga,Latvia,REF,278,197,32,3337,42.7875,1.23,1.12,18384.83,2.18,717,2334.21,68,1
156,-1.4311634161,-2.2894602533,Rio de Janeiro,Brasil,LAC,66.8,50.9,597,0,35.91,1.03,1.26,12293.56,2.94,6824,5415.81,82.8,1
157,-11.1728311857,14.8636800852,Roma,Italy,OECD90,575,500,309,1085,45.99,1.63,1.57,36732.91,2.41,2803,2180.41,67.6,0
158,-1.9848999417,-13.4760904602,Saldanha,South Africa,MAF,899,955,131,461,35.29,0.95,0.87,9722.19,3.8,79,44.91,59.3,1
159,-1.4856305294,-2.0461941438,Sao Paulo,Brasil,LAC,66.8,50.9,256,120,42.7,1.03,1.26,12273.05,3.14,10434,6851.18,82.8,0
160,10.4349517441,3.7973532689,Seattle,USA,OECD90,643,596,42,1917,55.3111428571,0.78,0.56,62472.09,2.49,405,2858,80.7,1
161,-2.7086287584,-12.0360619666,Sedibeng,South Africa,MAF,899,955,114,668,35.29,0.95,0.87,5357.9,3.37,884,211.78,59.3,0
162,-8.0144773282,14.2077529035,Sefton,England,OECD90,522,490,2,1969,55.3111428571,1.65,1.44,21268.89,2.32,278,1813.19,79,0
163,-3.0941952711,-8.2040472245,Shanghai,China,ASIA,899,812,601,1147,52.89,1.01,0.99,9584.5,2.89,14503,3700,42.5,1
164,-8.5098759512,9.476138739,Sheffield,England,OECD90,522,490,2,2227,55.3111428571,1.65,1.44,30420.68,2.3,526,1429.85,79,0
165,-7.0936786197,-7.8373480851,Shenyang,China,ASIA,899,812,198,3642,46.1127777778,1.01,0.99,10380.62,3.14,7036,543.63,42.5,0
166,-0.3216311189,-9.1306006979,Shenzhen,China,ASIA,899,812,1074,142,40.04,1.01,0.99,23296.37,3.65,7233,5100,42.5,1
167,-4.7385527827,-9.1897684382,Shijiazhuang,China,ASIA,899,812,367,2395,46.1127777778,1.01,0.99,6252.66,3.28,9395,597.57,42.5,0
168,0.6380544266,-13.3163122265,Shinayanga,Tanzania,MAF,88.8,268,25,1,35.29,1.3,1.11,394,6.2,55,47.5,24.2,0
169,-5.119615368,12.0050190118,Shropshire CC,England,OECD90,522,490,2,2234,55.3111428571,1.65,1.44,24356.08,2.36,289,136,79,0
170,6.3028401439,5.3002993762,Singapore,Malaysia,ASIA,789,671,1876,0,66.16,0.9,1.07,29809.58,3.5,4327,6095.03,100,1
171,-0.5290209514,8.3728673898,Skåne county,Sweden,OECD90,32.3,32.7,9,2838,55.3111428571,1.52,1.38,28871.7,2.3187931035,1169,106.05,84.3,1
172,-5.9183816018,-2.4816022744,Sofia,Bulgaria,REF,628,655,197,2407,42.7875,1.37,1.28,12846.96,1.38,1200,2439.02,70.2,0
173,-4.0027274688,-12.0332793334,Sol Plaatje,South Africa,MAF,899,955,239,2449,35.29,0.95,0.87,9053.62,4.66,197,62.59,59.3,0
174,-7.3073314492,9.3874507465,Somerset,England,OECD90,522,490,1,2229,55.3111428571,1.65,1.44,29479.77,2.33,519,150.39,79,1
175,-6.8016242384,10.3646974097,South and West Derbyshire,England,OECD90,522,490,5,2234,55.3111428571,1.65,1.44,27621.93,2.3187931035,482,388,79,0
176,-6.4827041569,9.7593732196,South Ayrshire,England,OECD90,522,490,0,2241,55.3111428571,1.65,1.44,28750.13,2.3187931035,112,91.41,79,1
177,-5.1117271842,9.0205494231,South Lanarkshire,England,OECD90,522,490,0,2418,55.3111428571,1.65,1.44,29245.1,2.3187931035,308,173.7,79,0
178,-4.7358867617,12.3161361517,South Nottinghamshire,England,OECD90,522,490,5,2234,55.3111428571,1.65,1.44,23644.29,2.3187931035,331,505,79,0
179,-13.7930322157,9.3974219242,Southampton,England,OECD90,522,490,2,1981,55.3111428571,1.65,1.44,36986.4,2.4,229,4416.14,79,0
180,-13.0818742791,10.8360318118,Southend-on-Sea,England,OECD90,522,490,11,1855,55.3111428571,1.65,1.44,26755.93,2.32,160,3836.21,79,1
181,-6.492392469,12.1504944248,Staffordshire CC,England,OECD90,522,490,3,2098,55.3111428571,1.65,1.44,25743.18,2.38,823,314.16,79,0
182,12.9368648081,-4.1512359569,Stockholm,Sweden,OECD90,32.3,32.7,18,3210,56.67,1.52,1.38,45421.58,1.93,1890,291.3,84.3,1
183,-4.0842218226,7.91663949,Stoke-on-Trent,England,OECD90,522,490,2,2234,55.3111428571,1.65,1.44,25911.81,2.26,239,2581.41,79,0
184,-7.1025787112,9.5392408875,Suffolk,England,OECD90,522,490,7,2219,55.3111428571,1.65,1.44,29315.72,2.34,702,184.94,79,1
185,-5.5887065282,8.2717428037,Sunderland,England,OECD90,522,490,0,2443,55.3111428571,1.65,1.44,30801.62,2.3,281,255.6,79,1
186,12.8766169352,-6.0996301143,Sundsvall,Sweden,OECD90,32.3,32.7,5,4255,55.3111428571,1.52,1.38,26576.46,2.02,94,1238,84.3,1
187,-10.9708766297,6.3768740314,Surrey,England,OECD90,522,490,11,2009,55.3111428571,1.65,1.44,40810.11,2.48,1086,653.04,79,0
188,-8.4938448574,11.9757039811,Swansea,England,OECD90,522,490,0,1944,55.3111428571,1.65,1.44,26986.16,2.3,227,601.06,79,1
189,-12.386330262,4.3702900315,Swindon,England,OECD90,522,490,2,2217,55.3111428571,1.65,1.44,51302.13,2.37,187,255.6,79,0
190,9.5412655171,4.9926910109,Sydney,Australia,OECD90,957,914,140,335,58.33,0.94,0.74,40378.33,2.7,4399,362.22,88.2,1
191,-6.0034813705,-9.17434125,"Taiyuan, Shanxi",China,ASIA,899,812,277,2683,46.1127777778,1.01,0.99,8423.11,3.61,3488,600,42.5,0
192,-7.109916944,-3.5625741578,Tallinn,Estonia,REF,1040,1010,19,3554,42.7875,1.3,1.18,26360.38,2.32,398,2500,69.4,1
193,-7.8968345244,8.1579926465,Telford and Wrekin,England,OECD90,522,490,2,2234,55.3111428571,1.65,1.44,32643.88,2.3187931035,162,255.6,79,0
194,-9.1080669358,13.019471989,Thurrock,England,OECD90,522,490,11,1855,55.3111428571,1.65,1.44,28024.23,2.52,149,910.76,79,0
195,-5.1536522248,-8.6316454848,Tianjin,China,ASIA,899,812,424,2315,46.1127777778,1.01,0.99,6392.48,3.07,7040,1255.51,42.5,1
196,-15.6217043984,3.2300799904,Tokyo,Japan,OECD90,421,413,392,1065,66.6,1.3,1.42,33714.05,2.05,12790,5846.43,86,1
197,-10.989153638,12.0662485972,Torino,Italy,OECD90,575,500,44,1954,55.3111428571,1.63,1.57,34933.45,2.06,2121,340,67.6,0
198,10.2707591055,2.4221677741,Toronto,Canada,OECD90,224,174,103,2819,58.16,0.9,0.76,41507.52,2.8,5556,779.78,80.1,1
199,-2.0096744041,-12.1865302526,Pretoria Tshwane,South Africa,MAF,899,955,331,508,35.29,0.95,0.87,16714.06,3.41,1679,460,59.3,0
200,-5.9801203525,7.8670234852,Tyneside,England,OECD90,522,490,0,2443,55.3111428571,1.65,1.44,32205.45,2.3187931035,807,255.6,79,0
201,12.9997427169,-6.1287488384,Umeå,Sweden,OECD90,32.3,32.7,4,4388,55.3111428571,1.52,1.38,28630.09,1.99,111,2141,84.3,1
202,-1.4446658927,-13.5452890548,uMhlatuze,South Africa,MAF,899,955,292,93,35.29,0.95,0.87,9967.93,4.1,360,453.97,59.3,1
203,11.2456469736,-5.353472308,Uppsala,Sweden,OECD90,32.3,32.7,22,3364,55.3111428571,1.52,1.38,29958.92,2.08,183,2879,84.3,0
204,-7.0184198846,-8.2246736072,†rŸmqi (Wulumqi),China,ASIA,899,812,238,3700,46.1127777778,1.01,0.99,9396.32,3.5,2018,210,42.5,0
205,11.9004112277,-4.436331637,Västra Götaland county,Sweden,OECD90,32.3,32.7,33,3295,55.3111428571,1.52,1.38,32133.35,2.13,1528,63.83,84.3,0
206,11.3263352764,-4.7032483042,Växjö,Sweden,OECD90,32.3,32.7,17,3226,55.3111428571,1.52,1.38,28026.08,2.04,77,1795,84.3,0
207,-5.1798305079,4.4040639805,Vienna,Austria,OECD90,258,180,99,2230,52.52,1.43,1.37,41069.09,2,1678,4047.84,66.5,0
208,-6.8882036356,-4.3681423084,Vilnius,Lithuania,REF,,,35,3401,42.7875,1.22,1.13,16014.57,2.4481818182,554,1381.55,66.6,0
209,-8.8876680405,7.5287981518,Warwickshire,England,OECD90,522,490,5,2213,55.3111428571,1.65,1.44,34867.31,2.36,523,264.56,79,0
210,-4.0679993563,11.5639233942,West Cumbria,England,OECD90,522,490,2,2263,55.3111428571,1.65,1.44,23818.38,2.3187931035,236,74,79,1
211,-6.2780415891,7.2012530218,West Lothian,England,OECD90,522,490,0,2483,55.3111428571,1.65,1.44,34139.89,2.3187931035,166,388.06,79,1
212,-9.689375753,6.8805901089,West Sussex,England,OECD90,522,490,9,2078,55.3111428571,1.65,1.44,35963.63,2.3187931035,771,387.29,79,1
213,-7.569399542,10.8230481186,Wiltshire CC,England,OECD90,522,490,4,2139,55.3111428571,1.65,1.44,29634.26,2.42,449,128.9,79,0
214,-8.2589371111,14.5152503801,Wirral,England,OECD90,522,490,2,1916,55.3111428571,1.65,1.44,19717.17,2.28,311,1982.17,79,1
215,-7.0041600813,10.1261319508,Worcestershire,England,OECD90,522,490,3,2211,55.3111428571,1.65,1.44,28731.05,2.31,553,317.63,79,0
216,-2.4929075288,-9.571911724,Wuhan,China,ASIA,899,812,612,1203,46.1127777778,1.01,0.99,9170.95,3.52,8188,1200,42.5,0
217,-1.3074848333,-8.8749687713,Xiamen,China,ASIA,899,812,874,228,46.1127777778,1.01,0.99,21109.99,3.22,1604,2100,42.5,1
218,-4.7507929588,-9.6866229214,"Xi'an, Shaanxi",China,ASIA,899,812,360,1994,46.1127777778,1.01,0.99,5671.94,3.61,7531,850,42.5,0
219,-7.3995380474,-9.2240103695,Xining,China,ASIA,899,812,39,3686,46.1127777778,1.01,0.99,3837.12,4.11,2127,288.56,42.5,0
220,-6.4997686464,-9.1711212801,Yinchuan,China,ASIA,899,812,244,2900,46.1127777778,1.01,0.99,6717.4,3.76,1447,630,42.5,0
221,-8.5862166334,7.0516884077,York,England,OECD90,522,490,3,2248,55.3111428571,1.65,1.44,35594.62,2.37,192,704.57,79,0
222,-5.5074865003,-4.1873246672,Zagreb,Croatia,REF,351,339,189,2204,42.7875,1.37,1.27,18943.17,2.4481818182,786,1226.21,56.4,0
223,-3.5372304975,-8.6162198949,Zhengzhou,China,ASIA,899,812,370,1753,46.1127777778,1.01,0.99,8438.52,3.6,6916,1100,42.5,0
224,-5.1160811987,4.2284043988,Stadt Zürich,Switzerland,OECD90,7.05,6.56,45,2519,56.86,1.52,1.3,38195.46,2.16,377,4289.94,73.5,1
225,8.8032673275,3.787765124,Atlanta,USA,OECD90,643,,456,1316,52.86,0.78,0.56,31036.95,2.68,2897178,636,80.7,0
226,2.6324741715,-6.7777071951,Bangkok,Thailand,ASIA,605,,2064,0,48.23,0.64,0.87,6316.49,3.64,6685000,13869,32.2,1
227,-5.0994881607,4.2061771781,Berne,Switzerland,OECD90,7.05,,62,2667,55.3111428571,1.52,1.3,43468.52,2.33,295837,4385,73.5,0
228,2.8069739495,-11.057488263,Bogotá,Colombia,LAC,113,,0,979,38.27,0.73,1.04,2958.84,3.334,5569633,11603,73.6,0
229,-14.3067811959,12.0780832038,Bologna,Italy,OECD90,575,,325,1631,55.3111428571,1.63,1.57,27573.8,1.95,448744,6699,67.6,0
230,-1.1827459082,-0.6634357882,Brasília,Brasil,LAC,66.8,,43,3,40.0525,1.45,1.68,7910.24,3.54,1821946,7138,82.8,0
231,8.6472193916,5.2535236264,Brisbane,Australia,OECD90,957,,361,176,55.3111428571,0.94,0.74,15036.29,2.7,1488883,959,88.2,1
232,3.4848192284,-5.4058377526,Cairo,Egypt,MAF,520,,1045,139,35.29,0.2,0.49,2140.14,3.9384210526,13144000,27216,43,0
233,9.7357855675,0.7132688924,Calgary,Canada,OECD90,224,,30,4285,55.3111428571,0.9,0.76,23982.62,2.6,767059,2084,80.1,0
234,2.3121590761,-6.9389018504,Chennai,India,ASIA,928,,1963,0,46.1127777778,0.7,1.09,395.64,4.23,6083371,13321,29.2,1
235,8.3079529893,2.1054080051,Chicago,USA,OECD90,643,,220,2733,65.24,0.78,0.56,32109.75,2.68,7523328,1681,80.7,1
236,-5.4091160787,-3.2910227501,Cracow,Poland,REF,1070,,68,2891,42.7875,1.4,1.43,3028.87,2.4481818182,744987,5881,61.5,0
237,-1.1613035067,-0.5604778731,Curitiba,Brasil,LAC,66.8,,146,407,40.0525,1.45,1.68,6514.69,3.15,2431804,3030,82.8,0
238,1.322539914,-10.1400445929,Dakar,Senegal,MAF,878,,925,0,35.29,1.26,1.35,1115.67,3.9384210526,1939000,10481,41.1,1
239,-15.1138043226,8.8222934789,Dusseldorf,Germany,OECD90,596,,47,2071,50.42,1.56,1.56,43744.89,1.8,571064,4923,73.4,0
240,-15.9385392606,5.3585023665,Frankfurt,Germany,OECD90,596,,72,2178,62.34,1.56,1.56,54570.75,1.8,653241,4764,73.4,0
241,9.579653717,1.8254314879,Graz,Austria,OECD90,258,,116,2432,55.3111428571,0.94,0.74,31611.89,2.3187931035,240066,3729,66.5,0
242,1.9587284185,-9.2476557194,Guangzhou,China,ASIA,899,,1071,259,46.1127777778,1.01,0.99,2796.01,3.65,3853800,11904,42.5,1
243,0.2471403027,-11.8705752009,Harare,Zimbabwe,MAF,527,,291,255,35.29,1.05,1.3,784.8,3.9384210526,1432260,3406,35.9,0
244,2.8868158994,-5.7223300805,Ho Chi Minh City,China,ASIA,402,,1525,0,46.1127777778,0.77,0.8,1029,3.44,4811170,35565,27.3,1
245,7.7413291327,4.1488620488,Houston,USA,OECD90,643,,903,547,51.3,0.78,0.56,30679.72,2.83,3918061,882,80.7,1
246,3.2069598645,-6.3093348751,Jakarta,Indonesia,ASIA,770,,2023,0,35.4,0.42,0.5,1861.08,3.44,9161000,17340,45.9,1
247,3.2814157356,-8.1987212965,Kuala Lumpur,Malaysia,ASIA,579,,1772,0,45.28,0.53,0.53,6990.65,3.44,3773900,5785,67.6,1
248,2.8844072314,-5.9783218738,Manila,Philippines,ASIA,486,,2007,0,35.15,0.81,0.91,2216.92,3.44,9447156,20637,48,1
249,-14.9092820135,10.907885511,Marseille,France,OECD90,79.9,,244,1139,55.3111428571,1.45,1.52,29336.94,2.3187931035,798430,5871,81.6,1
250,9.0334931311,0.9219470632,Montreal,Canada,OECD90,224,,83,3377,51.6,0.9,0.76,16065.68,2.3187931035,3224130,3170,80.1,1
251,3.1994792385,-4.6373864603,Mumbai,India,ASIA,928,,1909,0,45.71,0.7,1.09,912.79,1.55,17072000,33743,29.2,1
252,-16.39134902,6.9316945923,Munich,Germany,OECD90,596,,71,2698,52.52,1.56,1.56,54692.08,1.76,1324208,5566,73.4,0
253,-14.489829919,10.0433267422,Nantes,France,OECD90,79.9,,39,1636,55.3111428571,1.45,1.52,32332.26,2.17,534000,3584,81.6,0
254,-2.7918860788,6.1474091654,Newcastle,England,OECD90,522,,0,2443,55.3111428571,1.65,1.44,13815.73,2.39,1131000,3836,79,0
255,3.3739112998,-3.1668195298,Osaka,Japan,ASIA,421,,499,1066,54.94,1.3,1.42,39936.53,3.44,16828737,9813,86,1
256,9.4986307082,0.9564391965,Ottawa,Canada,OECD90,224,,75,3663,55.3111428571,0.9,0.76,18826.58,2.5,972456,3126,80.1,0
257,8.8323297648,5.059247952,Perth,Australia,OECD90,957,,385,486,55.3111428571,0.94,0.74,21995.2,2.6,1244320,1090,88.2,1
258,6.5315438932,4.6486589781,Phoenix,USA,OECD90,643,,1776,364,55.3111428571,0.78,0.56,26920.48,2.68,2526113,1040,80.7,0
259,3.7488288427,-8.1591320462,Riyadh,Saudi Arabia,ASIA,828,,2219,269,35.37,0.09,0.16,5938.64,3.44,3116000,4395,81,1
260,-7.1938918697,2.3755907188,Ruhr,Germany,OECD90,596,,47,2071,55.3111428571,1.56,1.56,32987.55,2.3187931035,7356500,3653,73.4,0
261,8.7963352549,4.3408646423,San Diego,USA,OECD90,643,,52,319,55.3111428571,0.78,0.56,26508.41,2.75,2626714,1455,80.7,1
262,8.98304896,3.2623736672,San Francisco,USA,OECD90,643,,11,1542,52.39,0.78,0.56,37154.47,2.61,3837896,2054,80.7,1
263,-6.052432342,0.929500359,Sapporo,Japan,ASIA,421,,73,2819,46.1127777778,1.3,1.42,37074.79,3.44,1757025,7212,86,1
264,3.3998478657,-3.2862941181,Seoul,South Korea,ASIA,535,,246,2213,61.83,1.4,1.51,10305.26,2.51,20576272,23035,81.3,0
265,-16.2501942797,7.7491357879,Stuttgart,Germany,OECD90,596,,52,2460,55.3111428571,1.56,1.56,40341.71,1.93,585604,5894,73.4,0
266,3.9360728299,-6.1690162611,Taipei,China,ASIA,707,,936,101,53.32,0.69,0.64,13035.73,3.44,5960673,23012,71.3,1
267,4.2771583108,-7.334430903,Tehran,Iran,ASIA,585,,904,1191,46.1127777778,0.03,0.1,2550.95,3.44,6800000,11412,67.6,0
268,-2.1233142129,-0.7446864771,Tel Aviv,Israel,ASIA,873,,695,250,46.5,1.7,1.37,14624.61,3.44,2458155,7230,91.5,1
269,1.8831121133,-11.1106660422,Tunis,Tunisia,MAF,583,,557,413,35.29,0.84,0.96,2140.92,3.9384210526,1874600,9144,65.1,1
270,9.1420185908,2.3464183817,Vancouver,Canada,OECD90,224,,10,2173,51.1,0.9,0.76,25793.02,2.6,1898687,2161,80.1,1
271,8.7378723818,3.2927044564,Washington,USA,OECD90,643,,407,1698,51.19,0.78,0.56,34419.51,2.64,3739330,1433,80.7,0
272,9.2573173933,5.8397170943,Wellington,New Zealand,OECD90,180,,2,977,55.3111428571,0.85,1.09,17972.42,2.3187931035,366411,2198,86.1,1